IdentifiantMaison,Chambres,Salon,SalleDeBainInterieure,Parking,Meuble,Jardin,Superficie_m2,DistanceRoute_m,Quartier,AgeMaison,LoyerMensuel_BIF
1,4.0,Oui,Oui,,Non,Oui,192.0,277.0,Rohero,17.0,2600000
2,5.0,Oui,Oui,Non,Oui,Non,234.0,47.0,Rohero,37.0,2600000
3,3.0,Oui,Oui,Non,Non,Oui,151.0,45.0,Kinanira,23.0,1069218
4,5.0,Oui,Oui,Oui,Oui,Oui,227.0,174.0,Gasekebuye,22.0,2600000
5,5.0,Oui,Oui,Oui,,Non,262.0,216.0,Gihosha,21.0,2085458
6,2.0,Non,Oui,Oui,,Oui,79.0,172.0,Gihosha,1.0,1047467
7,3.0,Non,Oui,Non,Oui,Oui,168.0,43.0,Kamenge,30.0,945838
8,,Oui,Oui,Non,Non,Oui,119.0,249.0,Jabe,10.0,824889
9,3.0,Oui,Non,Non,Non,Oui,150.0,155.0,Kinama,27.0,544343
10,5.0,Oui,Oui,Oui,Oui,Non,238.0,115.0,Kiriri,31.0,2600000
11,1.0,Oui,Oui,Non,Non,Oui,35.0,51.0,Ngagara,4.0,2500000
12,3.0,Oui,Non,Oui,Non,Non,145.0,67.0,Buyenzi,37.0,459826
13,6.0,Oui,Oui,Oui,Non,Non,259.0,229.0,Kinama,9.0,765914
14,5.0,Oui,Oui,Oui,Non,Non,262.0,73.0,Kinanira,39.0,1786611
15,2.0,,Non,Non,Non,Non,,294.0,Bwiza,23.0,249830
16,4.0,Oui,Oui,Oui,Non,Oui,217.0,,Bwiza,34.0,772406
17,6.0,Oui,Oui,Non,Non,Non,281.0,207.0,Kamenge,22.0,1020710
18,6.0,Oui,Oui,Oui,Non,Oui,250.0,65.0,Cibitoke,16.0,1667009
19,2.0,Oui,Oui,Oui,Oui,Non,125.0,165.0,Kinama,0.0,872872
20,4.0,Oui,Oui,Oui,Non,Non,164.0,20.0,Cibitoke,30.0,889998
21,5.0,Oui,Oui,Oui,Non,Oui,249.0,98.0,Rohero,30.0,2600000
22,1.0,Oui,Non,Non,Oui,,30.0,142.0,Bwiza,33.0,322208
23,4.0,Oui,Oui,Oui,Oui,Non,175.0,42.0,,8.0,846374
24,2.0,Oui,Oui,Non,Non,Oui,,131.0,Kinanira,21.0,1051769
25,6.0,Oui,Oui,Non,Non,Oui,265.0,279.0,Ngagara,12.0,2068140
26,5.0,Oui,Oui,Non,Non,Non,259.0,168.0,Kiriri,24.0,2600000
27,4.0,Oui,Oui,Oui,Non,Non,161.0,81.0,Bwiza,17.0,579453
28,1.0,Oui,Non,Oui,Oui,Non,73.0,178.0,Buyenzi,11.0,522789
29,,Oui,Oui,Oui,Non,Non,52.0,95.0,Kiriri,39.0,934995
30,3.0,Oui,Oui,Non,Oui,Non,146.0,242.0,Kiriri,16.0,2383077
31,3.0,Oui,Oui,Non,Non,Non,141.0,268.0,Gasekebuye,14.0,1203784
32,2.0,Oui,Non,,Non,Oui,89.0,183.0,Nyakabiga,14.0,728910
33,4.0,Oui,Oui,Non,Non,Oui,183.0,213.0,Gihosha,14.0,1524598
34,4.0,,Oui,Oui,Non,Non,171.0,,Kinanira,38.0,1557746
35,6.0,Oui,Oui,Non,Non,Non,299.0,111.0,Kinama,12.0,999984
36,6.0,Oui,,Oui,Non,Oui,284.0,299.0,Buyenzi,16.0,845638
37,6.0,Oui,Oui,Non,Non,Oui,309.0,288.0,Bwiza,31.0,1103996
38,3.0,Oui,Non,Oui,Non,Non,147.0,186.0,Bwiza,8.0,580812
39,4.0,Oui,Oui,Non,Non,Non,192.0,41.0,Bwiza,39.0,534589
40,4.0,Oui,Non,Non,Non,Non,210.0,141.0,Musaga,19.0,915551
41,1.0,Oui,Non,Non,Non,Non,67.0,60.0,Gihosha,25.0,567908
42,3.0,Oui,Non,,Non,Oui,151.0,191.0,Gihosha,26.0,1609464
43,5.0,Oui,Oui,,Oui,Oui,216.0,262.0,,20.0,1584595
44,3.0,Oui,Oui,Oui,Non,Oui,117.0,62.0,Musaga,17.0,784573
45,5.0,Oui,Oui,Oui,Non,Oui,205.0,127.0,Kiriri,12.0,2600000
46,6.0,Oui,Oui,Oui,Oui,Non,320.0,192.0,Kiriri,15.0,150000
47,2.0,Oui,Non,Non,Non,Non,109.0,234.0,Gasekebuye,8.0,902908
48,4.0,Oui,Oui,Oui,Oui,Non,169.0,172.0,Jabe,11.0,1252990
49,1.0,Oui,Non,Oui,Non,Non,67.0,118.0,Bwiza,37.0,266468
50,4.0,Oui,Non,,Non,Oui,203.0,256.0,Kamenge,18.0,772553
51,6.0,Oui,Oui,Oui,Non,Non,278.0,111.0,Gasekebuye,6.0,2600000
52,2.0,Oui,Non,Non,Non,Non,82.0,41.0,Kamenge,34.0,363444
53,2.0,Non,Oui,Oui,Non,Non,81.0,96.0,Musaga,17.0,597977
54,1.0,,,Non,Non,Non,55.0,22.0,Nyakabiga,,492200
55,2.0,Oui,Non,Oui,Non,Non,115.0,67.0,Rohero,38.0,1328618
56,5.0,Oui,Oui,Non,Non,Non,206.0,154.0,Musaga,3.0,919586
57,2.0,Oui,Non,Non,Non,Oui,120.0,143.0,Rohero,24.0,1588560
58,4.0,Oui,Non,Oui,Non,Oui,209.0,190.0,Buyenzi,31.0,684542
59,4.0,Oui,Oui,Non,Oui,Non,194.0,189.0,Nyakabiga,39.0,1208719
60,4.0,Oui,Oui,,Non,Non,,209.0,Kiriri,12.0,2600000
61,,,Oui,Non,Non,Oui,176.0,264.0,Kinanira,16.0,1578234
62,5.0,Oui,Oui,Oui,Non,Non,230.0,218.0,Gasekebuye,36.0,2006894
63,3.0,Non,Non,Non,Oui,Oui,122.0,260.0,Kiriri,5.0,2366166
64,6.0,Oui,Oui,Non,Oui,Non,278.0,139.0,,18.0,2600000
65,1.0,Oui,Oui,Non,Non,Non,50.0,65.0,,12.0,521765
66,4.0,Oui,Oui,Non,Non,Non,169.0,92.0,Gihosha,25.0,1517750
67,2.0,Non,Oui,Oui,Non,Oui,95.0,211.0,Jabe,13.0,727436
68,4.0,Oui,,Oui,Non,Oui,193.0,133.0,Buyenzi,30.0,678188
69,2.0,Oui,Oui,,Non,Oui,120.0,7.0,Gihosha,3.0,1708148
70,6.0,Oui,Oui,Oui,Non,Oui,290.0,246.0,Gasekebuye,38.0,2600000
71,6.0,Oui,Oui,Non,Non,Non,256.0,125.0,Nyakabiga,7.0,1365310
72,6.0,Oui,Oui,Oui,Non,Oui,253.0,106.0,Kiriri,24.0,2600000
73,2.0,Oui,Oui,Non,Non,Non,127.0,42.0,Gasekebuye,12.0,1296838
74,4.0,Oui,Oui,Non,Oui,Oui,212.0,137.0,Rohero,31.0,2600000
75,6.0,Oui,Oui,Non,Non,Oui,,206.0,Gasekebuye,37.0,2363592
76,5.0,Oui,Oui,Oui,Non,Oui,249.0,25.0,Cibitoke,37.0,1604301
77,2.0,Oui,Non,Non,Non,Oui,80.0,246.0,Nyakabiga,27.0,557909
78,2.0,Oui,Oui,Non,Non,Oui,98.0,113.0,Jabe,29.0,623723
79,4.0,Oui,Oui,Oui,Non,Non,215.0,88.0,Nyakabiga,2.0,1274350
80,2.0,Oui,Oui,Non,Non,Non,105.0,87.0,Cibitoke,27.0,623265
81,2.0,Oui,Non,Non,Non,Non,94.0,295.0,Gasekebuye,2.0,868643
82,6.0,Oui,Oui,Oui,Non,Non,270.0,73.0,Buyenzi,33.0,716607
83,4.0,Oui,,Oui,,Non,216.0,133.0,Rohero,15.0,2571093
84,6.0,Oui,Oui,Oui,Non,Oui,285.0,200.0,,21.0,2600000
85,6.0,Oui,Oui,Oui,Non,Non,259.0,,Bwiza,31.0,1050450
86,4.0,Oui,Oui,Oui,Oui,Non,196.0,287.0,Gihosha,,1894478
87,1.0,Oui,Non,Oui,Non,Non,33.0,238.0,Nyakabiga,7.0,429276
88,6.0,Oui,Oui,Oui,Non,Non,273.0,27.0,Gasekebuye,7.0,2600000
89,,Oui,Oui,,Non,Oui,239.0,157.0,Nyakabiga,5.0,1743130
90,5.0,Oui,Oui,Non,Non,Non,253.0,281.0,Ngagara,13.0,1460564
91,2.0,Oui,Oui,Oui,Non,Non,,65.0,,31.0,853351
92,5.0,Oui,Oui,Non,Non,Non,252.0,56.0,Nyakabiga,34.0,1519041
93,2.0,Oui,Oui,Oui,,Non,105.0,157.0,Kinama,9.0,705524
94,1.0,Oui,Oui,Oui,Non,Non,42.0,241.0,Kinanira,2.0,718058
95,4.0,Oui,Oui,Oui,,Oui,208.0,36.0,Kinama,11.0,958924
96,4.0,Oui,Oui,Oui,Non,Non,198.0,59.0,Rohero,30.0,2476189
97,4.0,Oui,Non,Oui,Non,Non,191.0,40.0,Kinanira,28.0,1661275
98,5.0,Oui,Oui,Non,Non,Oui,228.0,,Nyakabiga,4.0,1709901
99,1.0,Oui,Oui,Oui,Non,Non,47.0,181.0,Jabe,24.0,482350
100,5.0,Oui,Oui,Non,Non,Oui,236.0,299.0,Gasekebuye,40.0,2286847
101,5.0,Oui,Oui,Non,Non,Oui,241.0,101.0,Cibitoke,30.0,1067184
102,1.0,Oui,Oui,Oui,Non,Non,36.0,217.0,Gihosha,20.0,637441
103,1.0,Oui,Oui,Oui,Non,Non,73.0,141.0,Kinama,19.0,341839
104,,Oui,Oui,Non,Oui,Oui,79.0,10.0,Gasekebuye,,1651976
105,1.0,Oui,Non,Oui,Non,Non,37.0,113.0,Bwiza,21.0,223992
106,4.0,Oui,Oui,Oui,Non,Oui,182.0,39.0,Jabe,3.0,1214330
107,3.0,Non,Oui,Non,Non,Oui,139.0,43.0,,12.0,1243624
108,3.0,Oui,Oui,Oui,Non,Non,149.0,154.0,Gasekebuye,19.0,1551433
109,1.0,Non,Oui,Non,Non,Non,65.0,122.0,Nyakabiga,12.0,393107
110,,Oui,Oui,Non,Non,Non,144.0,265.0,Kinanira,16.0,1059409
111,3.0,Oui,Oui,,Oui,Oui,131.0,91.0,Nyakabiga,35.0,1375994
112,,Non,Non,Oui,Non,Non,73.0,80.0,Nyakabiga,32.0,317276
113,3.0,,,Oui,Non,Non,134.0,218.0,Nyakabiga,0.0,719344
114,5.0,Oui,Oui,Oui,Oui,Non,252.0,289.0,Ngagara,,1788192
115,2.0,Oui,Non,Oui,Non,Non,94.0,243.0,Gihosha,12.0,881102
116,2.0,Oui,Oui,Non,Oui,Oui,91.0,169.0,Cibitoke,16.0,980090
117,1.0,Oui,Oui,Oui,Non,Non,37.0,91.0,Cibitoke,23.0,405293
118,4.0,Oui,Oui,Oui,,Oui,218.0,145.0,Kinanira,7.0,1915811
119,1.0,Oui,Oui,Non,Non,Non,43.0,164.0,Kinanira,26.0,476807
120,4.0,Oui,Non,Non,,Oui,208.0,50.0,Nyakabiga,22.0,1094619
121,2.0,Oui,Oui,Non,Non,Non,105.0,116.0,Ngagara,7.0,826141
122,1.0,Oui,Non,Oui,Non,Non,36.0,49.0,Nyakabiga,7.0,480699
123,6.0,Oui,Oui,Non,Oui,Non,290.0,251.0,Ngagara,25.0,2024510
124,5.0,Oui,,Oui,Non,Oui,223.0,108.0,Nyakabiga,,1515492
125,3.0,Oui,Oui,,Non,Non,126.0,89.0,Kinama,38.0,656963
126,4.0,Oui,Oui,Oui,Non,Non,168.0,138.0,Kinama,36.0,702286
127,6.0,Oui,Oui,Non,Non,Non,256.0,112.0,Rohero,27.0,2600000
128,3.0,Oui,Non,Oui,Non,Non,142.0,22.0,Nyakabiga,24.0,969147
129,3.0,Oui,Oui,Oui,Oui,,128.0,98.0,Gihosha,15.0,1533061
130,,Oui,Non,Oui,Oui,Non,55.0,154.0,Jabe,1.0,761904
131,,Oui,,Oui,Non,Oui,166.0,250.0,Bwiza,17.0,718007
132,5.0,Oui,Oui,Non,Non,Oui,223.0,293.0,Rohero,16.0,2600000
133,6.0,Oui,Oui,Non,Oui,Oui,307.0,213.0,Kinanira,29.0,2559567
134,3.0,Oui,Non,Non,Non,Oui,161.0,130.0,Buyenzi,38.0,429523
135,1.0,Oui,Non,Oui,Non,Non,40.0,239.0,Nyakabiga,12.0,352989
136,5.0,Oui,Oui,Oui,Non,Non,257.0,126.0,Gasekebuye,31.0,2435903
137,2.0,Non,Oui,Oui,,Non,74.0,142.0,Kiriri,28.0,1117990
138,6.0,Oui,Oui,Oui,Oui,Non,284.0,119.0,Kinama,29.0,1421577
139,3.0,Oui,Oui,Oui,Non,Oui,126.0,166.0,Gasekebuye,17.0,1296997
140,1.0,Non,Non,Non,,Non,49.0,205.0,Buyenzi,12.0,136149
141,2.0,Oui,Oui,Oui,Oui,Non,121.0,238.0,Ngagara,20.0,1185706
142,2.0,Oui,Non,Oui,Oui,Oui,128.0,32.0,Buyenzi,29.0,693615
143,4.0,Oui,Oui,Oui,Non,,180.0,15.0,Gihosha,20.0,1561007
144,,Oui,Oui,Oui,Non,Oui,240.0,210.0,Nyakabiga,16.0,1663240
145,3.0,Oui,Oui,Oui,Non,Oui,167.0,171.0,Cibitoke,39.0,827999
146,1.0,Oui,Oui,Non,Non,Non,47.0,251.0,Buyenzi,18.0,177224
147,4.0,Oui,Oui,Non,Non,Oui,175.0,51.0,,,1152457
148,5.0,,Oui,Non,Non,Non,261.0,250.0,Cibitoke,8.0,1323166
149,4.0,Oui,Oui,,Non,Non,198.0,131.0,Ngagara,9.0,1140448
150,6.0,Oui,Oui,Oui,Non,Non,294.0,151.0,Rohero,30.0,2600000
151,5.0,,Oui,Oui,Non,Oui,257.0,122.0,Gasekebuye,22.0,2451878
152,5.0,,Oui,Oui,Non,Oui,246.0,156.0,Cibitoke,29.0,1177720
153,3.0,Oui,Non,Non,Non,Oui,,76.0,Rohero,32.0,1995431
154,,Oui,Oui,,Non,Non,243.0,141.0,Kinama,8.0,876345
155,4.0,Oui,Oui,Oui,Non,,173.0,179.0,Bwiza,0.0,699138
156,5.0,Oui,Oui,Oui,Non,Oui,235.0,293.0,Nyakabiga,34.0,1466574
157,3.0,Oui,Oui,Oui,Non,Non,172.0,23.0,Buyenzi,10.0,508768
158,3.0,Oui,Oui,Non,Non,Non,119.0,199.0,Kinama,33.0,365296
159,6.0,Oui,Oui,Oui,Non,,284.0,179.0,,15.0,1028999
160,4.0,Oui,Oui,Oui,Non,Non,182.0,145.0,Kiriri,8.0,2600000
161,2.0,Oui,Oui,Oui,Non,Non,98.0,250.0,Musaga,31.0,494778
162,2.0,Oui,,Oui,Oui,Oui,112.0,97.0,Kamenge,14.0,1066380
163,5.0,Oui,Oui,Non,Non,Oui,215.0,243.0,Jabe,11.0,1341097
164,6.0,Oui,Oui,Non,Non,Non,267.0,209.0,Gihosha,32.0,2036681
165,1.0,Oui,Oui,Non,Non,Non,71.0,52.0,Rohero,13.0,1063895
166,5.0,Oui,Oui,Non,Non,Non,216.0,249.0,Bwiza,7.0,784084
167,6.0,Oui,Oui,Oui,Non,Non,258.0,299.0,Musaga,7.0,1238428
168,4.0,,Oui,Non,Non,Oui,169.0,132.0,Kamenge,26.0,772010
169,4.0,Oui,Non,Oui,Non,Oui,217.0,286.0,,,774690
170,4.0,Oui,Oui,Oui,Non,Non,203.0,21.0,Gihosha,0.0,1698993
171,4.0,Oui,Oui,Non,Oui,Oui,176.0,75.0,Rohero,,2233069
172,4.0,Oui,Oui,Oui,Non,Oui,197.0,273.0,Nyakabiga,10.0,1420910
173,6.0,Oui,Oui,Non,Non,Non,256.0,286.0,Gihosha,38.0,1887787
174,6.0,Oui,Oui,Oui,Non,Non,295.0,11.0,Buyenzi,30.0,896416
175,3.0,Oui,Oui,Non,Oui,Non,127.0,107.0,Kinama,16.0,754605
176,2.0,Oui,Oui,Non,Oui,Non,109.0,197.0,Kiriri,32.0,1821920
177,4.0,Oui,Oui,Non,Non,Oui,201.0,245.0,Kamenge,31.0,735393
178,1.0,Oui,Oui,Non,Non,Non,33.0,66.0,Kamenge,28.0,250370
179,6.0,Oui,,Non,Non,Oui,299.0,21.0,Bwiza,20.0,1232722
180,1.0,Oui,Oui,Oui,,Non,51.0,175.0,Kiriri,20.0,948477
181,,Non,Oui,Oui,Oui,Non,82.0,29.0,Kamenge,39.0,457947
182,1.0,Oui,Oui,Oui,Non,Non,30.0,255.0,Kiriri,22.0,812126
183,3.0,Oui,Oui,Non,Non,Non,119.0,257.0,Rohero,5.0,1690726
184,6.0,Oui,Oui,Oui,Non,Non,278.0,211.0,Buyenzi,21.0,693275
185,1.0,Oui,Oui,Non,Non,Oui,61.0,33.0,Gihosha,37.0,703178
186,4.0,Oui,Non,Oui,Oui,Non,197.0,121.0,Kinama,36.0,902442
187,5.0,Oui,Oui,Oui,Oui,Non,223.0,286.0,Buyenzi,7.0,1125333
188,1.0,Non,Oui,Non,Non,Non,32.0,148.0,Musaga,40.0,156174
189,3.0,Oui,Oui,Oui,Oui,,162.0,29.0,Nyakabiga,34.0,1136929
190,,Oui,Oui,Oui,Oui,Non,294.0,160.0,Kiriri,10.0,2600000
191,3.0,Non,Non,Oui,Non,Oui,115.0,77.0,Cibitoke,23.0,893796
192,1.0,,Oui,Non,Non,Non,46.0,,Buyenzi,20.0,199931
193,6.0,Oui,Oui,,Non,Non,301.0,97.0,Bwiza,1.0,856704
194,5.0,Oui,Oui,Oui,Non,Non,221.0,90.0,Musaga,39.0,1098204
195,1.0,Oui,Oui,Oui,Non,Non,31.0,122.0,Kinama,18.0,315568
196,3.0,Oui,Non,Oui,Non,Non,139.0,237.0,Bwiza,38.0,559592
197,2.0,Oui,Non,Non,Non,Non,114.0,,Bwiza,27.0,360162
198,4.0,Oui,Non,Non,Oui,Non,163.0,210.0,Gasekebuye,16.0,2253807
199,3.0,Non,Non,Oui,Non,Oui,150.0,151.0,Cibitoke,5.0,885755
200,6.0,Oui,Oui,Oui,,Non,255.0,275.0,Kiriri,18.0,2600000
201,1.0,Oui,,Oui,Non,Non,84.0,143.0,Cibitoke,37.0,405006
202,4.0,Oui,Oui,Non,Non,Oui,190.0,185.0,Buyenzi,27.0,580183
203,1.0,Oui,Non,Non,Non,Non,43.0,34.0,Bwiza,1.0,306610
204,6.0,Oui,Oui,Oui,Non,Non,293.0,61.0,Kamenge,37.0,987010
205,1.0,Non,Non,Oui,Non,Oui,78.0,236.0,Kinanira,36.0,541250
206,2.0,Non,,Oui,Non,Non,108.0,150.0,Kinama,3.0,482399
207,4.0,Oui,Oui,Non,Oui,Non,186.0,52.0,Kamenge,21.0,1016783
208,4.0,Oui,Oui,Oui,Non,Non,169.0,198.0,Kinama,25.0,655523
209,6.0,Oui,,Non,Non,Oui,275.0,228.0,Kiriri,35.0,2600000
210,2.0,Oui,Oui,Non,Non,Oui,88.0,140.0,Kinanira,12.0,924635
211,3.0,Oui,Oui,Oui,Non,Oui,153.0,26.0,Jabe,31.0,1015575
212,1.0,Oui,Oui,Oui,,Non,30.0,10.0,Nyakabiga,16.0,501563
213,5.0,,Oui,Oui,Non,Oui,249.0,208.0,Kinanira,40.0,1788919
214,1.0,Oui,Non,Non,Non,Non,37.0,243.0,Kiriri,35.0,406192
215,1.0,Oui,Oui,Non,Non,Oui,74.0,189.0,Ngagara,18.0,684234
216,3.0,Oui,Non,Non,Non,Oui,142.0,296.0,Gasekebuye,34.0,1599599
217,1.0,Non,Oui,Oui,Non,Non,82.0,224.0,Buyenzi,39.0,252890
218,2.0,Oui,Oui,Oui,Non,Non,89.0,120.0,Kiriri,27.0,1120678
219,2.0,Oui,Non,Non,Oui,Oui,97.0,53.0,Buyenzi,0.0,598488
220,4.0,Oui,Oui,Non,Non,Non,167.0,177.0,Musaga,17.0,801099
221,6.0,Oui,Oui,Oui,Oui,Oui,290.0,86.0,Kamenge,39.0,1612959
222,5.0,Oui,Oui,Non,Non,Non,243.0,49.0,Gasekebuye,32.0,2248408
223,1.0,Oui,Non,Non,Oui,Non,30.0,24.0,Musaga,11.0,620225
224,1.0,Oui,Oui,Oui,Non,Non,30.0,,Ngagara,7.0,516258
225,3.0,Oui,Non,Non,Non,Oui,127.0,127.0,,23.0,1313715
226,,Oui,Oui,Non,Oui,Oui,277.0,238.0,Buyenzi,15.0,988040
227,2.0,,Oui,,Non,Non,126.0,225.0,Rohero,3.0,1441714
228,5.0,Oui,Oui,Oui,Non,Non,264.0,7.0,Kinanira,37.0,2137503
229,4.0,Oui,Oui,Oui,Non,Oui,208.0,186.0,Gasekebuye,26.0,2109415
230,2.0,Oui,,Non,Oui,Non,94.0,210.0,Kinanira,8.0,1183943
231,6.0,Oui,Oui,Oui,Non,Oui,305.0,44.0,Ngagara,15.0,1877765
232,4.0,Oui,Oui,Oui,Non,Oui,192.0,63.0,Nyakabiga,11.0,1253462
233,3.0,Oui,Oui,Oui,Oui,Non,152.0,66.0,Kinama,30.0,864449
234,3.0,Oui,Non,Oui,Oui,Non,167.0,136.0,Bwiza,23.0,648210
235,1.0,Non,Non,Non,Non,Non,30.0,64.0,Bwiza,13.0,142096
236,6.0,Oui,Oui,Non,Non,Non,307.0,126.0,Ngagara,24.0,1985966
237,5.0,Oui,Oui,Oui,Non,Oui,248.0,,,33.0,887255
238,4.0,Oui,Oui,Oui,Non,Non,204.0,,,2.0,706249
239,2.0,Non,Oui,Oui,Non,Oui,101.0,,Ngagara,23.0,702553
240,,Oui,Oui,Non,Non,Non,294.0,66.0,Kinama,8.0,1013672
241,6.0,Oui,Oui,Non,Oui,Oui,296.0,260.0,Kiriri,25.0,2600000
242,3.0,Oui,Non,Oui,Non,Non,135.0,53.0,Musaga,19.0,606926
243,1.0,Oui,Oui,,,Non,40.0,163.0,Ngagara,39.0,364323
244,1.0,Oui,Oui,Non,Non,Oui,78.0,128.0,Kiriri,9.0,1574863
245,4.0,Oui,Non,Non,Non,Non,180.0,211.0,Buyenzi,18.0,493603
246,3.0,Oui,Oui,Non,Non,Oui,125.0,52.0,Ngagara,2.0,1208660
247,6.0,Oui,Oui,Oui,Oui,,309.0,140.0,Buyenzi,23.0,1283770
248,5.0,Oui,Oui,Non,Non,Oui,241.0,205.0,Ngagara,4.0,1675700
249,3.0,Oui,Oui,Oui,Oui,Oui,150.0,254.0,Kinama,2.0,951743
250,4.0,,Oui,,Non,Oui,194.0,299.0,Nyakabiga,26.0,1118967
251,4.0,Oui,Oui,Non,Oui,Oui,178.0,213.0,Gihosha,15.0,2257352
252,3.0,Oui,Non,Non,,Non,134.0,215.0,Kiriri,14.0,2190088
253,4.0,Oui,Oui,Non,Non,Oui,216.0,196.0,Kinama,34.0,728007
254,3.0,Oui,Oui,Oui,Non,Non,132.0,48.0,Kamenge,11.0,742264
255,2.0,Oui,Oui,Oui,Non,Non,116.0,33.0,Cibitoke,40.0,654254
256,3.0,Oui,Non,Non,Non,Non,155.0,63.0,Kiriri,25.0,1681668
257,3.0,Oui,Oui,Non,Oui,Non,163.0,75.0,Nyakabiga,33.0,1197372
258,4.0,Oui,Non,Oui,Oui,Non,173.0,96.0,Musaga,,1252536
259,4.0,Oui,Non,Oui,Non,Non,174.0,269.0,Kinanira,30.0,1140428
260,1.0,Non,Oui,Oui,,Non,55.0,224.0,Bwiza,19.0,294403
261,1.0,Non,Oui,Non,Non,Non,,219.0,Kinama,,192180
262,2.0,Oui,Non,Non,,Non,122.0,281.0,Ngagara,22.0,629805
263,1.0,Oui,Oui,Oui,Non,Non,78.0,68.0,Jabe,,559685
264,3.0,Oui,,Oui,,Non,168.0,296.0,Kinama,22.0,451020
265,4.0,Oui,Oui,Non,Non,Non,,249.0,Gasekebuye,0.0,1796479
266,1.0,Oui,Oui,Non,Non,Non,40.0,66.0,Kiriri,24.0,859665
267,,Oui,Non,Oui,Non,Non,47.0,174.0,Rohero,1.0,1028667
268,2.0,Oui,Oui,Oui,Non,Non,126.0,273.0,Kiriri,29.0,1448038
269,6.0,Oui,Oui,Oui,Non,Oui,260.0,271.0,,2.0,1782047
270,2.0,Oui,Oui,Oui,Non,Non,81.0,58.0,Gasekebuye,20.0,1363749
271,3.0,Oui,Oui,Oui,Non,Oui,124.0,,Gihosha,24.0,1521360
272,4.0,Oui,Oui,Non,Non,Oui,191.0,12.0,Musaga,19.0,1055370
273,2.0,Oui,,Non,,,85.0,108.0,Rohero,21.0,1224926
274,1.0,Oui,Non,Non,Non,Non,32.0,,Buyenzi,20.0,151335
275,4.0,Oui,Oui,Non,Non,Oui,197.0,44.0,,32.0,1146731
276,4.0,Oui,Oui,Oui,Non,Oui,171.0,241.0,Jabe,37.0,1197233
277,1.0,,Oui,Oui,Non,Non,48.0,98.0,Rohero,14.0,1077747
278,2.0,Oui,Non,Oui,Non,Non,97.0,,Kinama,14.0,340768
279,1.0,Oui,Oui,Oui,Non,Non,77.0,208.0,Musaga,24.0,408430
280,6.0,Oui,Oui,Non,Non,Non,257.0,142.0,,20.0,1048698
281,4.0,Oui,Oui,Non,Non,Non,217.0,211.0,Kinama,23.0,773800
282,5.0,,Oui,Oui,Non,Oui,232.0,85.0,Buyenzi,4.0,919685
283,5.0,Oui,Oui,Oui,,Non,240.0,222.0,Kiriri,5.0,2600000
284,3.0,Oui,Oui,Non,Non,Non,140.0,6.0,Kinanira,22.0,1019019
285,1.0,Oui,Oui,Oui,Oui,Non,32.0,182.0,Musaga,3.0,617267
286,1.0,Oui,Oui,Oui,Non,,82.0,283.0,Kinanira,26.0,819806
287,3.0,Oui,Non,Non,Non,Non,174.0,150.0,Nyakabiga,,849594
288,,Oui,Oui,Non,Oui,Non,164.0,228.0,Gasekebuye,20.0,2046104
289,3.0,Non,Oui,Oui,Oui,Oui,142.0,66.0,Nyakabiga,,1531501
290,4.0,Oui,Oui,Oui,Non,Non,187.0,298.0,Kinanira,34.0,1307156
291,6.0,,Oui,Non,Non,Oui,286.0,243.0,Jabe,21.0,1209913
292,1.0,Oui,Oui,Oui,Non,Oui,65.0,199.0,Gasekebuye,39.0,900405
293,4.0,Oui,Oui,Oui,Oui,Non,195.0,170.0,Nyakabiga,22.0,1474447
294,3.0,Oui,Oui,Non,Non,Oui,141.0,226.0,,2.0,739378
295,1.0,Oui,Non,Oui,Non,Non,78.0,65.0,Ngagara,39.0,503262
296,4.0,,Oui,Non,Non,,,133.0,Kamenge,9.0,725340
297,6.0,Oui,Oui,Oui,Non,Oui,,177.0,Gasekebuye,24.0,2600000
298,4.0,,Non,Non,Non,Non,192.0,160.0,Nyakabiga,7.0,947421
299,6.0,Oui,Oui,Oui,Non,Oui,302.0,114.0,,10.0,1745877
300,3.0,Oui,,Oui,Non,Oui,134.0,273.0,Kinama,4.0,708048
301,,Oui,Oui,Oui,Non,Oui,262.0,282.0,Kinanira,36.0,1987297
302,1.0,Oui,Oui,Oui,Non,Non,52.0,78.0,,37.0,456328
303,3.0,Oui,Oui,Non,Oui,Oui,162.0,211.0,Gihosha,28.0,1928433
304,1.0,Oui,Oui,,,Non,53.0,283.0,Gasekebuye,4.0,688494
305,5.0,Oui,Oui,Oui,Oui,Non,217.0,208.0,Bwiza,8.0,934177
306,2.0,Oui,Oui,,Non,Oui,115.0,165.0,Bwiza,,682714
307,6.0,Oui,Oui,Non,Non,Non,284.0,32.0,Rohero,,2600000
308,2.0,Oui,Oui,Non,Non,Non,75.0,261.0,Nyakabiga,39.0,436094
309,2.0,Non,Oui,Oui,Oui,Non,87.0,169.0,Rohero,29.0,1660346
310,6.0,Oui,Oui,Oui,Oui,Non,300.0,67.0,Musaga,10.0,1663707
311,3.0,Oui,Non,Oui,Non,Oui,119.0,26.0,Cibitoke,27.0,951831
312,5.0,Oui,Oui,Non,,Oui,251.0,74.0,Jabe,11.0,1553092
313,1.0,Oui,Oui,Oui,Oui,Non,49.0,,Gihosha,38.0,1134781
314,4.0,Oui,Oui,Non,Non,Non,161.0,167.0,Jabe,25.0,879679
315,1.0,Oui,Oui,Oui,Non,Non,34.0,83.0,Kinanira,12.0,782756
316,4.0,Oui,Non,Non,Non,Oui,215.0,9.0,Kiriri,7.0,2600000
317,1.0,Oui,Non,Oui,Non,Non,54.0,124.0,Kamenge,27.0,332640
318,6.0,Oui,Oui,Oui,Oui,Non,299.0,182.0,Gasekebuye,29.0,2600000
319,5.0,Oui,Oui,Oui,Non,Non,263.0,180.0,Gihosha,8.0,2216024
320,4.0,Oui,Oui,Non,Non,Non,204.0,221.0,,38.0,832796
321,3.0,Oui,Non,Oui,Non,Oui,119.0,60.0,Gasekebuye,30.0,1738158
322,1.0,Oui,Oui,Oui,Non,Non,79.0,191.0,Gihosha,20.0,911902
323,1.0,Oui,Oui,Oui,Non,Non,,236.0,Jabe,33.0,481866
324,4.0,Oui,Oui,Oui,Non,Oui,192.0,259.0,Kiriri,30.0,2534681
325,3.0,Oui,Oui,Non,Non,Non,168.0,,Kamenge,24.0,638560
326,3.0,Oui,,Non,Non,Non,115.0,81.0,Ngagara,11.0,1037226
327,6.0,Oui,Oui,Non,Non,Oui,267.0,234.0,Kinanira,0.0,2089891
328,6.0,Oui,Oui,Oui,Non,Non,281.0,262.0,Kiriri,21.0,2600000
329,6.0,Oui,Oui,Non,Non,Non,296.0,268.0,Kinama,39.0,916087
330,6.0,Oui,Oui,Oui,Non,,,186.0,Rohero,36.0,2600000
331,6.0,Oui,Oui,Oui,Oui,Oui,260.0,260.0,Gasekebuye,0.0,2600000
332,6.0,Oui,Oui,Oui,Non,Oui,,42.0,Bwiza,0.0,1163856
333,5.0,Oui,Oui,Oui,Non,Non,230.0,180.0,Nyakabiga,20.0,1346455
334,3.0,Oui,Oui,Non,Non,Oui,,31.0,,,1743777
335,6.0,Oui,Oui,Non,Non,Non,271.0,280.0,Musaga,16.0,1042623
336,3.0,Oui,Non,Non,Non,Non,173.0,144.0,Bwiza,21.0,647110
337,3.0,Oui,Oui,,Non,Oui,141.0,291.0,Jabe,37.0,887492
338,2.0,Oui,Oui,Oui,Non,Non,118.0,95.0,Bwiza,34.0,497616
339,5.0,Oui,Oui,Oui,Oui,Non,217.0,65.0,Kamenge,15.0,1160062
340,6.0,Oui,Oui,Oui,Oui,Oui,282.0,167.0,Rohero,7.0,2600000
341,1.0,Oui,Oui,Oui,Non,Non,58.0,147.0,Cibitoke,16.0,511294
342,4.0,Oui,Oui,Oui,Non,Non,200.0,257.0,Kamenge,16.0,909285
343,1.0,Oui,Oui,Oui,Non,Non,59.0,273.0,Kiriri,25.0,894878
344,5.0,Oui,Oui,Oui,Non,,205.0,295.0,Cibitoke,12.0,1287255
345,4.0,Oui,Oui,Non,Non,Non,180.0,191.0,Jabe,16.0,948691
346,5.0,Oui,Oui,Non,Non,Non,252.0,295.0,Kinanira,,1704211
347,3.0,,Non,Non,Oui,Non,169.0,90.0,Jabe,,1054671
348,4.0,Oui,Oui,Non,Non,Non,,170.0,Gihosha,13.0,1299815
349,3.0,Oui,Oui,Oui,Non,Non,,118.0,Musaga,5.0,818429
350,1.0,Oui,Oui,Non,Non,Non,41.0,187.0,Gasekebuye,34.0,533641
351,1.0,Oui,Oui,Non,Non,Non,,211.0,Bwiza,13.0,181870
352,4.0,Oui,Oui,Oui,Non,Oui,190.0,260.0,Nyakabiga,7.0,1377223
353,4.0,Oui,Oui,Oui,Non,Oui,164.0,239.0,Cibitoke,14.0,1190263
354,6.0,,Oui,Non,,Oui,287.0,7.0,Rohero,26.0,2600000
355,5.0,Oui,Oui,Oui,,Non,207.0,212.0,,12.0,1256873
356,6.0,Oui,Oui,Oui,Non,Non,302.0,201.0,Gasekebuye,30.0,2600000
357,5.0,Oui,Oui,Oui,Non,Non,227.0,129.0,Kinanira,34.0,1780093
358,6.0,Oui,Oui,Oui,Non,Non,286.0,,Ngagara,5.0,1744504
359,3.0,Oui,Oui,Oui,Oui,Non,167.0,29.0,Kinanira,,1943935
360,4.0,Oui,Non,Oui,Non,Non,196.0,72.0,Kinama,21.0,728525
361,1.0,Oui,Non,Oui,Non,Non,34.0,,Gasekebuye,22.0,611730
362,5.0,Oui,Oui,Oui,Non,Oui,,33.0,Rohero,24.0,2578143
363,,Oui,Oui,Non,Non,Oui,223.0,23.0,Kiriri,33.0,2164627
364,1.0,Oui,Non,Oui,Non,Non,41.0,175.0,Bwiza,25.0,258517
365,6.0,Oui,Oui,Oui,Non,Non,270.0,78.0,Ngagara,4.0,1780867
366,5.0,Oui,Oui,Oui,Non,Oui,218.0,65.0,Musaga,25.0,1326405
367,3.0,Oui,,Non,Non,Oui,123.0,157.0,Gihosha,19.0,1159467
368,4.0,Oui,Non,Oui,Oui,Non,205.0,280.0,Kamenge,5.0,1046949
369,1.0,Oui,Non,Oui,Non,Non,,52.0,Nyakabiga,5.0,471026
370,4.0,Oui,,Non,,Non,210.0,215.0,Kiriri,17.0,2600000
371,,Oui,Oui,Non,Non,Non,249.0,143.0,Gihosha,3.0,1657285
372,5.0,Oui,Oui,Oui,Non,Non,217.0,114.0,Bwiza,16.0,1002192
373,1.0,Oui,Oui,Non,Non,Non,30.0,187.0,Gihosha,13.0,567593
374,3.0,Oui,Oui,Oui,Non,Non,115.0,32.0,Kinanira,13.0,1220099
375,2.0,Oui,Oui,Oui,Oui,Non,118.0,201.0,Musaga,12.0,954055
376,1.0,Oui,Oui,Oui,Non,Non,64.0,195.0,Bwiza,6.0,342357
377,2.0,Oui,Oui,Oui,Non,Non,101.0,55.0,Gasekebuye,14.0,1229262
378,6.0,Oui,,Non,Non,Oui,283.0,153.0,Kinanira,18.0,2594250
379,2.0,Oui,Oui,,Non,Non,97.0,272.0,Buyenzi,34.0,281230
380,3.0,Oui,Oui,Oui,Non,Non,145.0,54.0,Cibitoke,16.0,877121
381,6.0,Oui,Oui,Non,Non,Non,,250.0,Nyakabiga,34.0,1320592
382,2.0,Oui,Oui,Non,Non,Oui,108.0,,Jabe,18.0,837956
383,6.0,Oui,Oui,Oui,Non,Non,275.0,174.0,Cibitoke,19.0,1537399
384,2.0,Oui,,Non,Non,,127.0,170.0,Kamenge,35.0,382743
385,3.0,Oui,Oui,Oui,Non,Oui,148.0,18.0,Buyenzi,34.0,594316
386,2.0,Oui,Oui,Non,Non,,123.0,207.0,Rohero,,1502898
387,2.0,Oui,Oui,Non,Non,,123.0,292.0,Kamenge,39.0,393758
388,2.0,Non,Oui,Non,Non,Oui,72.0,193.0,Kamenge,23.0,453508
389,1.0,Oui,Oui,Oui,Non,Oui,83.0,159.0,Kinama,16.0,400447
390,1.0,Non,Oui,Oui,Non,Oui,74.0,59.0,Gasekebuye,6.0,1208953
391,1.0,Oui,Non,Oui,Non,Non,,,Nyakabiga,0.0,455996
392,3.0,Oui,Oui,Oui,Non,Non,115.0,214.0,Kinanira,34.0,1137214
393,6.0,Oui,Oui,,Non,Non,303.0,79.0,Musaga,31.0,1354551
394,5.0,Oui,Oui,Non,Non,,248.0,281.0,Gasekebuye,35.0,2200592
395,2.0,Oui,Oui,Oui,Non,Non,74.0,137.0,Cibitoke,12.0,616713
396,2.0,Oui,Oui,Oui,Non,Non,99.0,63.0,Kamenge,5.0,633512
397,3.0,Oui,Oui,Non,Oui,Non,144.0,,Cibitoke,13.0,1060181
398,2.0,Oui,Oui,Oui,Non,Non,128.0,68.0,Kiriri,36.0,1536788
399,1.0,Oui,Oui,Non,Non,Oui,81.0,264.0,Cibitoke,14.0,460153
400,5.0,Oui,Oui,Oui,Non,Non,221.0,197.0,Rohero,3.0,2311703
401,4.0,Oui,Non,Oui,Non,Oui,207.0,147.0,Bwiza,,867405
402,2.0,Oui,Non,Oui,Oui,Non,116.0,,,15.0,2494708
403,1.0,Non,Non,Oui,Non,Non,47.0,218.0,Kiriri,27.0,663181
404,4.0,Oui,Non,Non,Non,,174.0,246.0,Nyakabiga,,978257
405,5.0,Oui,Oui,Oui,Non,Oui,241.0,213.0,Gasekebuye,3.0,2504289
406,4.0,Oui,Oui,Oui,Non,Non,180.0,97.0,Nyakabiga,25.0,1252226
407,1.0,Non,Oui,Oui,Non,Non,38.0,146.0,Ngagara,27.0,507985
408,6.0,Oui,Oui,Oui,Oui,Non,251.0,116.0,Gihosha,31.0,2462288
409,6.0,Oui,Oui,Non,Non,Non,260.0,63.0,Nyakabiga,1.0,1680764
410,4.0,Oui,Oui,Oui,Non,Oui,210.0,47.0,Cibitoke,30.0,1229634
411,3.0,Oui,Non,Non,Non,Non,153.0,211.0,Kinanira,2.0,1074822
412,4.0,Oui,Oui,Non,Non,Oui,197.0,272.0,Cibitoke,7.0,1234057
413,2.0,Oui,Non,Oui,Oui,Non,,300.0,Kinanira,23.0,1338887
414,2.0,Non,Oui,Non,Non,Non,103.0,122.0,Bwiza,14.0,394031
415,6.0,Oui,Oui,Oui,Non,Oui,287.0,24.0,,30.0,2600000
416,3.0,Non,Oui,Oui,Non,Oui,164.0,226.0,Bwiza,8.0,571904
417,1.0,Oui,Oui,Oui,Non,Non,58.0,170.0,Gasekebuye,38.0,807331
418,2.0,Non,Oui,Non,Non,Non,87.0,135.0,Gasekebuye,1.0,969164
419,6.0,Oui,Oui,Non,Non,Non,279.0,160.0,Kiriri,7.0,2600000
420,5.0,Oui,Oui,Oui,Oui,Non,219.0,188.0,Ngagara,6.0,1734567
421,6.0,Oui,Oui,Non,Non,Non,276.0,94.0,Kinanira,38.0,1831063
422,2.0,Oui,Oui,Oui,Non,Oui,120.0,,Kiriri,15.0,2291921
423,2.0,Oui,Oui,Oui,Non,Non,103.0,17.0,Nyakabiga,34.0,667150
424,6.0,Oui,,Oui,Non,Non,301.0,297.0,Rohero,29.0,2600000
425,1.0,Oui,Oui,Non,Oui,Oui,81.0,234.0,Gasekebuye,9.0,1656710
426,4.0,Oui,Oui,,Non,,197.0,296.0,Kinanira,37.0,1266130
427,2.0,Oui,Oui,Oui,Non,Oui,102.0,30.0,Bwiza,17.0,550558
428,6.0,Oui,Oui,Oui,Non,Non,273.0,79.0,Cibitoke,4.0,1241076
429,6.0,Oui,Oui,Oui,Oui,,264.0,154.0,Musaga,28.0,1635774
430,3.0,Oui,Oui,Oui,Non,Oui,174.0,152.0,Nyakabiga,38.0,1056394
431,4.0,Oui,,Oui,Non,Non,189.0,12.0,Musaga,33.0,951313
432,5.0,Oui,Oui,Non,Non,Oui,259.0,33.0,Buyenzi,22.0,889633
433,1.0,Oui,Oui,Oui,Non,Non,66.0,300.0,Buyenzi,4.0,268868
434,5.0,Oui,Oui,Oui,Non,Oui,255.0,213.0,Cibitoke,29.0,1313016
435,4.0,Oui,Oui,Oui,Non,Non,176.0,132.0,Buyenzi,5.0,569998
436,4.0,Oui,Non,Non,Oui,,164.0,120.0,Gihosha,3.0,1678140
437,4.0,Oui,Oui,Non,Non,Non,188.0,148.0,Bwiza,28.0,582680
438,5.0,Oui,Oui,Oui,Oui,Non,208.0,239.0,Gasekebuye,22.0,2580300
439,4.0,Oui,Oui,Non,Non,Oui,169.0,11.0,Kiriri,5.0,2568644
440,6.0,Oui,Oui,Oui,Non,Oui,305.0,49.0,Ngagara,31.0,1999986
441,5.0,Oui,Oui,Oui,Oui,Oui,221.0,243.0,Nyakabiga,17.0,1597434
442,4.0,Oui,Non,Oui,Non,Oui,169.0,159.0,Musaga,14.0,981613
443,,Oui,Oui,,Oui,Non,266.0,185.0,Cibitoke,,1702764
444,3.0,,Non,Oui,Non,Oui,174.0,219.0,Gihosha,31.0,1318338
445,4.0,Oui,Non,Non,Non,Oui,179.0,92.0,Cibitoke,8.0,944078
446,5.0,Oui,Oui,Non,Oui,Non,228.0,260.0,Kiriri,36.0,2600000
447,2.0,Oui,Oui,,Non,Non,74.0,77.0,Gihosha,9.0,873429
448,4.0,Oui,Oui,Oui,Non,,193.0,183.0,Jabe,19.0,1065267
449,2.0,,Oui,Oui,Non,Oui,75.0,216.0,Bwiza,5.0,596160
450,6.0,Oui,Oui,Non,Oui,Oui,302.0,297.0,Buyenzi,2.0,1087533
451,3.0,Oui,,Oui,Non,Non,116.0,238.0,Buyenzi,10.0,395848
452,1.0,Non,Oui,Oui,Non,Non,37.0,,Bwiza,16.0,221451
453,3.0,Non,Oui,Oui,Non,Oui,157.0,227.0,Bwiza,,569075
454,4.0,Oui,Non,Non,Oui,,202.0,123.0,Kinanira,3.0,1622245
455,2.0,Oui,Oui,Oui,Oui,Non,117.0,268.0,Kinama,3.0,770113
456,2.0,,Non,Oui,Non,Non,80.0,211.0,Bwiza,16.0,286840
457,5.0,Oui,Oui,Non,Non,Oui,255.0,99.0,Cibitoke,40.0,1329786
458,,Oui,Oui,Oui,Non,Oui,116.0,226.0,Kinanira,18.0,1089805
459,5.0,Oui,Oui,Oui,Non,,261.0,280.0,Jabe,4.0,1231964
460,6.0,,Oui,Oui,Non,Oui,272.0,235.0,Nyakabiga,31.0,1464786
461,1.0,Oui,Oui,Oui,Non,Non,79.0,123.0,Kinanira,21.0,919045
462,4.0,Oui,Oui,Non,Non,Non,175.0,272.0,Kamenge,,724139
463,5.0,Oui,Oui,Oui,Non,Non,235.0,277.0,Buyenzi,34.0,741104
464,1.0,Oui,Non,Oui,Non,Non,35.0,68.0,Kiriri,21.0,1023285
465,2.0,Oui,Non,Non,Non,Oui,123.0,15.0,Kamenge,0.0,635416
466,2.0,Non,Oui,Non,Non,Non,85.0,102.0,Cibitoke,19.0,435552
467,1.0,Oui,Oui,Non,Non,Non,32.0,75.0,Musaga,21.0,296607
468,2.0,Oui,Oui,Oui,Non,Non,73.0,62.0,Musaga,10.0,547994
469,6.0,Oui,Oui,Oui,Non,Oui,289.0,294.0,Bwiza,12.0,1022991
470,6.0,Oui,Oui,Non,Non,Oui,253.0,255.0,Nyakabiga,2.0,1519435
471,1.0,Non,,Non,Non,Non,80.0,280.0,Kinanira,8.0,538675
472,5.0,Oui,Oui,Oui,Oui,Non,229.0,54.0,Musaga,11.0,1488004
473,5.0,Oui,Oui,Oui,,Non,207.0,220.0,Gihosha,22.0,1914672
474,1.0,Oui,Oui,Oui,Non,Non,56.0,,Bwiza,13.0,365056
475,5.0,Oui,Oui,Non,Non,Non,207.0,275.0,Gihosha,32.0,1633760
476,5.0,Oui,Oui,Oui,Non,Non,231.0,88.0,Gasekebuye,17.0,2264817
477,6.0,Oui,Oui,Oui,Non,Non,278.0,297.0,Nyakabiga,40.0,1625730
478,,Oui,Oui,Oui,Oui,Non,236.0,130.0,Ngagara,8.0,1793307
479,3.0,Oui,Oui,Non,Non,Oui,164.0,300.0,Kiriri,22.0,2294975
480,4.0,Oui,Oui,Non,Non,Non,217.0,76.0,Buyenzi,9.0,549844
481,2.0,Oui,Non,Oui,Non,Oui,120.0,300.0,Kinanira,18.0,1018714
482,3.0,Non,Oui,Non,Non,,133.0,240.0,Jabe,4.0,661844
483,5.0,Oui,Oui,Non,Non,Non,225.0,60.0,Kiriri,22.0,2600000
484,6.0,Oui,Oui,Oui,Non,Oui,254.0,114.0,Bwiza,29.0,1119505
485,1.0,Oui,Oui,Oui,Non,Non,42.0,196.0,Cibitoke,24.0,354049
486,5.0,Oui,Oui,Oui,Oui,Oui,232.0,97.0,Rohero,27.0,2600000
487,6.0,Oui,Oui,Non,Non,Non,291.0,60.0,Rohero,33.0,2562145
488,4.0,Oui,Oui,Oui,Non,Non,181.0,64.0,Jabe,24.0,1182846
489,5.0,Oui,Oui,,Non,Oui,225.0,142.0,Rohero,9.0,2600000
490,,Oui,Oui,Non,Non,Non,30.0,43.0,Musaga,13.0,295927
491,6.0,Oui,Oui,Oui,Oui,Non,250.0,32.0,,29.0,1921167
492,6.0,Oui,Oui,Non,Non,Oui,254.0,53.0,Gasekebuye,40.0,2600000
493,6.0,Oui,Oui,Oui,Oui,Non,290.0,129.0,Ngagara,24.0,2043228
494,4.0,Oui,Oui,Oui,Non,Non,171.0,17.0,Gasekebuye,13.0,1967570
495,5.0,Oui,Oui,Non,Non,Non,230.0,40.0,Kinanira,34.0,1558421
496,4.0,Oui,Oui,Non,Oui,Oui,205.0,105.0,Kinanira,33.0,1859845
497,,Oui,Oui,Oui,Non,Non,103.0,286.0,Ngagara,9.0,867065
498,2.0,Oui,Oui,Non,Oui,Non,118.0,90.0,Nyakabiga,34.0,1139022
499,5.0,Oui,Oui,Non,Non,Oui,218.0,8.0,Kinanira,10.0,1760321
500,4.0,Oui,Oui,Oui,Non,Non,185.0,227.0,Nyakabiga,10.0,1294312
501,4.0,Oui,Oui,Oui,Non,Oui,,239.0,Cibitoke,14.0,1190263
502,3.0,Oui,Non,Non,Non,Oui,,76.0,Rohero,32.0,1995431
503,4.0,Oui,Oui,Non,Oui,Non,194.0,189.0,Nyakabiga,39.0,1208719
504,5.0,,Oui,Oui,Non,Oui,257.0,122.0,Gasekebuye,22.0,2451878
505,2.0,Oui,Oui,Non,Non,Non,126.0,225.0,Rohero,3.0,1441714
506,5.0,Oui,Oui,Oui,Oui,Non,,65.0,Kamenge,15.0,1160062
507,5.0,Oui,Oui,Non,Non,Oui,241.0,205.0,Ngagara,4.0,1675700
508,4.0,Oui,Oui,Oui,Non,Oui,192.0,277.0,Rohero,17.0,2600000
509,6.0,Oui,Oui,Non,Non,Non,276.0,,Kinanira,38.0,1831063
510,5.0,Oui,Oui,Oui,Non,,241.0,213.0,Gasekebuye,3.0,2504289
